fire_id,watershed_area_m2,burned_area_m2,na_l2name,mat_c,map_mm_yr
CA3330011692020071023,1496819491.1586127,10851701.80777335,MEDITERRANEAN CALIFORNIA,16.315,1921.215
